TRADEDATE,MCFTR,RUGBITR3Y,RUGBITR10Y,GLDRUB_TOM
2015-01-31,0.10520998034867354,0.5228640998081168,0.13665713042737296,0.23526878941583673
2015-02-28,0.11327114854011303,0.5432898891637333,0.1445038425990227,0.198935119697131
2015-03-31,0.103347368365929,0.558556706365659,0.15081832662955041,0.18727759863886168
2015-04-30,0.10565900237507264,0.5658647609646611,0.16419295579286694,0.16428328086739938
2015-05-31,0.10075691019287121,0.5688069662485562,0.16495082677050013,0.16548529678807253
2015-06-30,0.1012052169418559,0.568871888596887,0.16228303019819834,0.16763986426305877
2015-07-31,0.10333696473520661,0.5696736356999738,0.16324258855637386,0.16374681100844582
2015-08-31,0.10640274381678366,0.5564705487187803,0.14982663797261203,0.18730006949182385
2015-09-30,0.10115893399030071,0.5571675187142145,0.15492721641197055,0.18674633088351433
2015-10-31,0.10292723416377689,0.5524587319283635,0.16195605049527495,0.18265798341258457
2015-11-30,0.10937850169159788,0.5537130110989232,0.16622457839989557,0.17068390880958328
2015-12-31,0.1042692282223219,0.5463152178039974,0.16478385474368373,0.1846316992299971
2016-01-31,0.10394529414303566,0.5403825469103437,0.1575903143838242,0.19808184456279643
2016-02-29,0.10305021413790165,0.5307944735621041,0.1537965285500432,0.2123587837499511
2016-03-31,0.10731740145920646,0.5384759790060861,0.16156953409196922,0.19263708544273805
2016-04-30,0.11147896818733656,0.536701971458462,0.16338809030791496,0.1884309700462866
2016-05-31,0.10930851120000987,0.5400576215839454,0.16626100473330216,0.18437286248274268
2016-06-30,0.10693381980478885,0.5329622666935924,0.16892734520315522,0.1911765682984635
2016-07-31,0.11060989839290306,0.5270686830386188,0.1649196868339254,0.19740173173455283
2016-08-31,0.11323602403977857,0.5309725653745756,0.16443425605673764,0.19135715452890809
2016-09-30,0.1134920350021077,0.5354960510515879,0.16557429255078862,0.1854376213955158
2016-10-31,0.11481958248169362,0.5417828633186368,0.16398402473249463,0.179413529467175
2016-11-30,0.12163239960023482,0.5429303295187928,0.16166038319513143,0.1737768876858408
2016-12-31,0.12921309400337969,0.5482494281178917,0.16687804247798005,0.1556594354007485
2017-01-31,0.12694425181440144,0.5465126652215431,0.16814588147444426,0.15839720148961123
2017-02-28,0.1175700524724855,0.5515520875057633,0.16942818356631534,0.16144967645543587
2017-03-31,0.114983445440195,0.5553708357349947,0.17394619610014272,0.15569952272466758
2017-04-30,0.11450609574323777,0.5527087066236912,0.17511786832997028,0.1576673293031006
2017-05-31,0.10844901554449408,0.5576413936281003,0.17665637183724486,0.15725321899016087
2017-06-30,0.10757252410277267,0.5575339861359153,0.1751668711436606,0.1597266186176514
2017-07-31,0.11120479186104608,0.55360957271527,0.17394523650066906,0.16124039892301487
2017-08-31,0.1153025963899067,0.5507328363596139,0.17306015248922996,0.16090441476124936
2017-09-30,0.11761379010920511,0.5516355061703281,0.17437279931267669,0.1563779044077901
2017-10-31,0.1173860108768586,0.553981672992687,0.17488426348935204,0.15374805264110247
2017-11-30,0.11774076343408663,0.5527264684337085,0.17400642108868167,0.15552634704352308
2017-12-31,0.11816493915756172,0.5553560465943203,0.17461245291313718,0.15186656133498075
2018-01-31,0.12566860719873754,0.5477248504446932,0.1753002366574477,0.15130630569912162
2018-02-28,0.12507846409463172,0.5496594266888495,0.17739887759544481,0.1478632316210739
2018-03-31,0.12283423204797347,0.5497333739519167,0.17742087329770154,0.15001152070240834
2018-04-30,0.12274906343790289,0.5433926449789607,0.17321049843602504,0.1606477931471114
2018-05-31,0.12333239678373717,0.5451942439287257,0.17358020546187564,0.1578931538256614
2018-06-30,0.12540672287202548,0.5475241206932385,0.17208402680500676,0.15498512962972916
2018-07-31,0.12945414497257965,0.5486277281060999,0.17239076567784345,0.149527361243477
2018-08-31,0.13106044032685507,0.544769814934529,0.1638437352981961,0.16032600944041983
2018-09-30,0.13797437247581007,0.5459263499775763,0.16503571222635266,0.15106356532026097
2018-10-31,0.1320636507544121,0.5466009463589503,0.16523314811377296,0.15610225477286477
2018-11-30,0.1332622702566538,0.5463082134637953,0.16397146685877928,0.15645804942077152
2018-12-31,0.12976926544990833,0.5391374406489131,0.16198813950191285,0.16910515439926574
2019-01-31,0.1364469386599259,0.5365618343857999,0.16634414234389927,0.16064708461037497
2019-02-28,0.13430953887135258,0.5390579326638845,0.16501756628680136,0.16161496217796156
2019-03-31,0.13483864861119121,0.5420091747109771,0.16671283688526964,0.15643933979256208
2019-04-30,0.13723177550517673,0.5429768821335514,0.1679951338505496,0.15179620851072223
2019-05-31,0.14106287654522076,0.5389003873177102,0.1686946234215354,0.15134211271553377
2019-06-30,0.14485456784896825,0.5295626042178563,0.17018833490100402,0.1553944930321714
2019-07-31,0.14518959518083616,0.5279792853665178,0.16998839757152634,0.15684272188111953
2019-08-31,0.14141358566481607,0.5184153686589544,0.16850617980738844,0.17166486586884108
2019-09-30,0.14374638209830753,0.5231710492505827,0.170584789009772,0.16249777964133785
2019-10-31,0.14788443741250382,0.5206285619706704,0.17387632566809738,0.15761067494872838
2019-11-30,0.14924834999218758,0.5230147495264448,0.1748938759851087,0.15284302449625892
2019-12-31,0.15451751814444564,0.5193941430370999,0.17417638598582455,0.15191195283262998
2020-01-31,0.15327152051109819,0.5144103472598629,0.17352942592284185,0.15878870630619715
2020-02-29,0.13906347607966715,0.5146748879477512,0.17163824150097998,0.1746233944716017
2020-03-31,0.1237300766208057,0.5063078601175053,0.16741366217647385,0.20254840108521524
2020-04-30,0.12811789746902458,0.5071630795420491,0.17302789542033828,0.19169112756858808
2020-05-31,0.13129434308402624,0.5079683210912257,0.177452034362872,0.18328530146187597
2020-06-30,0.1313259084755316,0.507619697527776,0.173845525409701,0.18720886858699134
2020-07-31,0.13677276939402863,0.4890961395306843,0.16710175641249578,0.2070293346627913
2020-08-31,0.1393647172470328,0.48769867718566356,0.16500167798117985,0.20793492758612378
2020-09-30,0.1355501238159043,0.4866974263867408,0.16364257238716454,0.21410987741019044
2020-10-31,0.12854448855842163,0.4916932582299224,0.16656888194010605,0.21319337127155003
2020-11-30,0.14829633969949846,0.4885877801792095,0.1679772049912593,0.19513867513003277
2020-12-31,0.1540400636882635,0.48483007491179037,0.1653819958287905,0.1957478655711555
2021-01-31,0.15395749271948028,0.4858583347375867,0.16311408255743315,0.19707008998549996
2021-02-28,0.15929419828932817,0.4904806806151794,0.16087186057674754,0.18935326051874482
2021-03-31,0.16867431588204132,0.48898249675413985,0.1597077456594896,0.18263544170432924
2021-04-30,0.16833110201959597,0.4835041687324146,0.1597582656442604,0.18840646360372904
2021-05-31,0.1769780581239566,0.47172579004164644,0.15544071311627533,0.19585543871812158
2021-06-30,0.18591758419155005,0.4742035712951868,0.15744425583918714,0.18243458867407591
2021-07-31,0.18309963579329944,0.4705849369352037,0.158769885555416,0.18754554171608084
2021-08-31,0.18872007377748978,0.469053842543386,0.15710271019080152,0.18512337348832258
2021-09-30,0.1990113487399816,0.4696886592712007,0.15546520922712923,0.1758347827616884
2021-10-31,0.2041570632161845,0.4672131522778294,0.14993002295540583,0.1786997615505803
2021-11-30,0.19214789623320783,0.4699152947856233,0.1493194384400689,0.18861737054109998
2021-12-31,0.18800718288905396,0.4739184416810972,0.1495458061803686,0.18852856924948022
2022-01-31,0.17796144741025877,0.4761100666940218,0.14411068674295388,0.20181779915276557
2022-02-28,0.13564914118737298,0.4823200093532907,0.124734498661464,0.2572963507978723
2022-03-31,0.14412452945496387,0.48134402068875504,0.13503434424521168,0.23949710561106938
2022-04-30,0.13263207657700155,0.5148387594370997,0.15200094570186784,0.200528218284031
2022-05-31,0.1309651692524676,0.532009940461699,0.16149180423102188,0.17553308605481147
2022-06-30,0.12378694487590645,0.5534959368291733,0.17263801319202282,0.15007910510289743
2022-07-31,0.12156729114056826,0.5492392790703119,0.1681916623785555,0.1610017674105644
2022-08-31,0.1310687041619466,0.5461090817483047,0.16603514409581632,0.15678706999393235
2022-09-30,0.11371943775475013,0.5699221088314506,0.1598445533717953,0.15651390004200405
2022-10-31,0.12527786361559398,0.5562415568521532,0.16087908532203846,0.15760149421021435
2022-11-30,0.12406732047768283,0.5546052686356577,0.15936269624297095,0.16196471464368847
2022-12-31,0.12238886542442998,0.5380742273750471,0.15426162690168135,0.18527528029884158
2023-01-31,0.1244779440374002,0.5326221169157175,0.1515027461870227,0.1913971928598597
2023-02-28,0.1257072064937646,0.530892911741539,0.14993102328527175,0.19346885847942472
2023-03-31,0.13128233141986698,0.5136008921569626,0.1453880731271501,0.2097287032960202
2023-04-30,0.13725727458974737,0.5045090268113154,0.14225161134023115,0.21598208725870616
2023-05-31,0.14365861475061134,0.5031056893601633,0.14283989257687707,0.21039580331234828
2023-06-30,0.14782251906822907,0.4961768272238415,0.13990874772519046,0.2160919059827389
2023-07-31,0.15636232526746044,0.48440471658491435,0.13604223564460866,0.22319072250301658
2023-08-31,0.1646752787324062,0.46886846557157336,0.1315867172330839,0.23486953846293654
2023-09-30,0.1643960854140002,0.47184771426830907,0.130936440597354,0.23281975972033692
2023-10-31,0.1679468702410136,0.4716461088838274,0.12824107788061867,0.2321659429945403
2023-11-30,0.16371730497647863,0.4795730133580178,0.13310900235856196,0.22360067930694158
2023-12-31,0.16245649670800655,0.4738955707605783,0.13295078276187922,0.23069714976953587
2024-01-31,0.1676725736925066,0.4743314558317933,0.13267082985945441,0.22532514061624562
2024-02-29,0.16895276574596024,0.47160543901583457,0.12957781678972818,0.22986397844847709
2024-03-31,0.1685880478649226,0.4595332426314131,0.12153092071888782,0.25034778878477654
2024-04-30,0.1724930414719789,0.4524558692340837,0.11855502722317303,0.2564960620707643
2024-05-31,0.16746708398240415,0.461385871614305,0.11482987208537596,0.25631717231791495
2024-06-30,0.16685469190956548,0.46625199472200457,0.11632667238321777,0.25056664098521214
2024-07-31,0.1605889298791455,0.46721275839820886,0.11332532862519155,0.2588729830974541
2024-08-31,0.143120421977654,0.46368639017896907,0.11242372625700577,0.2807694615863711
2024-09-30,0.1501267066124022,0.44777612199770817,0.10940412706296652,0.29269304432692295
2024-10-31,0.13559782107527732,0.4399694068512752,0.10360143317522487,0.3208313388982225
2024-11-30,0.13387363288901674,0.43379014720266457,0.10585096545296364,0.326485254455355
2024-12-31,0.14182320508986976,0.4533313628381552,0.1106014125971368,0.29424401947483814
2025-01-31,0.14766276550435667,0.45025300017096553,0.1028637403676877,0.29922049395699013
2025-02-28,0.15911632623379215,0.45290808769778307,0.10935652113229205,0.2786190649361326
2025-03-31,0.14963567244162984,0.46297618408736857,0.11189761435278031,0.27549052911822114
2025-04-30,0.1433488472930751,0.4574954021151,0.10980071831298575,0.2893550322788391
2025-05-31,0.1393681443292824,0.47106355951077583,0.11256631906720796,0.2770019770927338
2025-06-30,0.13738963397076562,0.4756991012155133,0.11593622731570757,0.2709750374980136
2025-07-31,0.1339722867352382,0.4778657304353259,0.11919489480669712,0.26896708802273883
2025-08-31,0.13956712423891354,0.4717810829493449,0.1181699617475048,0.2704818310642368
2025-09-30,0.12585504013896245,0.4587596909354153,0.11041546152241524,0.304969807403207
2025-10-31,0.11787260696758858,0.46071052952175745,0.11189898039748421,0.3095178831131697
2025-11-30,0.12326584646546522,0.4569916993147815,0.11301716739218856,0.3067252868275646
2025-12-31,0.12460475075400622,0.4543416706468356,0.11224462784439876,0.3088089507547594
