<TICKER>;<PER>;<DATE>;<TIME>;<OPEN>;<HIGH>;<LOW>;<CLOSE>;<VOL>
GLDRUB_TOM;D;20230104;000000;4106.4;4156;4075.01;4149.98;26210
GLDRUB_TOM;D;20230105;000000;4147.95;4200;4121.36;4198;23640
GLDRUB_TOM;D;20230106;000000;4207.01;4250;4165;4182;16695
GLDRUB_TOM;D;20230107;000000;4180.04;4198;4100;4192.08;14024
GLDRUB_TOM;D;20230110;000000;4222.97;4222.98;4111;4169.99;63429
GLDRUB_TOM;D;20230111;000000;4177.99;4178;4080;4172;34933
GLDRUB_TOM;D;20230112;000000;4145.03;4185;4100;4109.99;73384
GLDRUB_TOM;D;20230113;000000;4118.9;4118.9;4001;4068.49;100611
GLDRUB_TOM;D;20230114;000000;4089;4139.55;4045.02;4120;65446
GLDRUB_TOM;D;20230117;000000;4131;4170.2;4116;4161;62312
GLDRUB_TOM;D;20230118;000000;4155.03;4198.3;4146.36;4170;48228
GLDRUB_TOM;D;20230119;000000;4156.15;4195;4150;4177;103647
GLDRUB_TOM;D;20230120;000000;4186.49;4196;4162;4195.3;52257
GLDRUB_TOM;D;20230121;000000;4184.05;4204.78;4171;4197.99;67770
GLDRUB_TOM;D;20230124;000000;4202.99;4220;4170.01;4186.02;127897
GLDRUB_TOM;D;20230125;000000;4200.03;4279.99;4186;4249.98;88180
GLDRUB_TOM;D;20230126;000000;4255;4309.94;4230;4253.2;64948
GLDRUB_TOM;D;20230127;000000;4260;4291;4232.43;4253.99;83431
GLDRUB_TOM;D;20230128;000000;4240.05;4261;4230;4253.13;42705
GLDRUB_TOM;D;20230131;000000;4250.05;4292;4231.13;4283;53241
GLDRUB_TOM;D;20230201;000000;4280;4298;4257.09;4273.51;117141
GLDRUB_TOM;D;20230202;000000;4284.99;4349;4270;4339.9;73084
GLDRUB_TOM;D;20230203;000000;4350;4398.97;4330;4335.03;55084
GLDRUB_TOM;D;20230204;000000;4320;4344.99;4245.85;4270;89253
GLDRUB_TOM;D;20230207;000000;4282.95;4282.98;4215;4253.02;91973
GLDRUB_TOM;D;20230208;000000;4274.91;4275;4240;4265.16;54684
GLDRUB_TOM;D;20230209;000000;4274.98;4334.99;4256;4323.11;65367
GLDRUB_TOM;D;20230210;000000;4322.95;4400;4315.16;4367.99;97005
GLDRUB_TOM;D;20230211;000000;4366.96;4366.96;4295.6;4336.45;67845
GLDRUB_TOM;D;20230214;000000;4295.69;4379.99;4295.69;4379.99;83503
GLDRUB_TOM;D;20230215;000000;4379.98;4400;4325.1;4349.97;103802
GLDRUB_TOM;D;20230216;000000;4345.03;4380;4320;4359.49;44734
GLDRUB_TOM;D;20230217;000000;4364.97;4400;4350;4383.49;86714
GLDRUB_TOM;D;20230218;000000;4367.81;4395;4320;4330.01;64984
GLDRUB_TOM;D;20230221;000000;4321.02;4396;4315;4387.01;61350
GLDRUB_TOM;D;20230222;000000;4386.98;4396.97;4350;4384.05;64405
GLDRUB_TOM;D;20230223;000000;4385;4395;4345.01;4383.97;50957
GLDRUB_TOM;D;20230225;000000;4360.03;4397;4330.11;4393.5;25722
GLDRUB_TOM;D;20230228;000000;4371.73;4399.99;4318.02;4340.11;111959
GLDRUB_TOM;D;20230301;000000;4340.36;4385;4311.41;4373.99;45399
GLDRUB_TOM;D;20230302;000000;4353.11;4410;4350.03;4406.05;69545
GLDRUB_TOM;D;20230303;000000;4430.97;4430.97;4405;4424.98;74460
GLDRUB_TOM;D;20230304;000000;4441.99;4480.67;4423.05;4474.99;127690
GLDRUB_TOM;D;20230307;000000;4475.02;4544.8;4442.01;4492.43;84041
GLDRUB_TOM;D;20230308;000000;4490;4491.29;4450.75;4457.05;69058
GLDRUB_TOM;D;20230310;000000;4450.76;4474.89;4430;4462.45;47618
GLDRUB_TOM;D;20230311;000000;4464.22;4527.62;4455.03;4527;61072
GLDRUB_TOM;D;20230314;000000;4544.8;4610;4530.17;4599.98;94159
GLDRUB_TOM;D;20230315;000000;4626;4638.75;4581;4617.04;65587
GLDRUB_TOM;D;20230316;000000;4624.97;4740;4592.14;4738.98;109715
GLDRUB_TOM;D;20230317;000000;4738.89;4772.47;4700;4750.03;90713
GLDRUB_TOM;D;20230318;000000;4770;4868.99;4734.01;4854.99;125318
GLDRUB_TOM;D;20230321;000000;4894.97;5039;4869;4949.49;179222
GLDRUB_TOM;D;20230322;000000;4959.93;4984.84;4838.3;4880.01;120456
GLDRUB_TOM;D;20230323;000000;4869.99;4883.98;4801.1;4845;128343
GLDRUB_TOM;D;20230324;000000;4979.99;4979.99;4805;4848.88;109980
GLDRUB_TOM;D;20230325;000000;4858.02;4913.99;4825.02;4910;111079
GLDRUB_TOM;D;20230328;000000;4909.95;4909.95;4822;4851.28;113680
GLDRUB_TOM;D;20230329;000000;4851.29;4887.74;4822.61;4879;90158
GLDRUB_TOM;D;20230330;000000;4900.01;4909.98;4863.46;4889;34232
GLDRUB_TOM;D;20230331;000000;4882.3;4908.98;4867.13;4899.98;70146
GLDRUB_TOM;D;20230401;000000;4908.96;4983.83;4880.37;4940.02;92028
GLDRUB_TOM;D;20230404;000000;4880.02;5026.01;4822.63;5021.99;92138
GLDRUB_TOM;D;20230405;000000;4984.62;5119.99;4977.13;5116;189612
GLDRUB_TOM;D;20230406;000000;5120;5150;5072.22;5100.11;165313
GLDRUB_TOM;D;20230407;000000;5100.15;5195.93;5061.05;5184.95;170978
GLDRUB_TOM;D;20230408;000000;5190;5294.97;5140;5154.11;164239
GLDRUB_TOM;D;20230411;000000;5168.8;5220.01;5084.94;5186.99;103263
GLDRUB_TOM;D;20230412;000000;5240.84;5300;5181.09;5281;204746
GLDRUB_TOM;D;20230413;000000;5344.97;5388;5259.97;5279.17;121195
GLDRUB_TOM;D;20230414;000000;5310.01;5344.95;5262.8;5327.98;213606
GLDRUB_TOM;D;20230415;000000;5360.01;5385.95;5265.52;5275;203162
GLDRUB_TOM;D;20230418;000000;5325;5325;5185;5201.09;118706
GLDRUB_TOM;D;20230419;000000;5180;5261.49;5175.05;5258.99;158090
GLDRUB_TOM;D;20230420;000000;5258.99;5259.99;5176.05;5215.01;84609
GLDRUB_TOM;D;20230421;000000;5239.9;5255.45;5054.32;5230.01;98217
GLDRUB_TOM;D;20230422;000000;5259.83;5259.83;5170.12;5190;38401
GLDRUB_TOM;D;20230425;000000;5170.03;5200;5151.1;5175;102858
GLDRUB_TOM;D;20230426;000000;5181.03;5229.99;5173.26;5202.02;101825
GLDRUB_TOM;D;20230427;000000;5204.97;5260;5190.3;5244.98;93411
GLDRUB_TOM;D;20230428;000000;5225.03;5268.99;5180.02;5195.09;50977
GLDRUB_TOM;D;20230429;000000;5218.98;5218.98;5070;5157;72066
GLDRUB_TOM;D;20230503;000000;5154.92;5198.85;5076.21;5198.73;70142
GLDRUB_TOM;D;20230504;000000;5170.03;5220;5105.64;5184.99;30074
GLDRUB_TOM;D;20230505;000000;5205;5278.31;5100;5170;61411
GLDRUB_TOM;D;20230506;000000;5162.02;5200;5019;5058.99;137505
GLDRUB_TOM;D;20230509;000000;5058.99;5148.98;4872;5125;15168
GLDRUB_TOM;D;20230511;000000;5150.01;5150.01;4962.89;5004.89;77720
GLDRUB_TOM;D;20230512;000000;5028.76;5097.43;4905.01;5061.09;124099
GLDRUB_TOM;D;20230513;000000;4997.18;5060.69;4990.04;5058;60462
GLDRUB_TOM;D;20230516;000000;5090.02;5151;4975.05;5143.99;53477
GLDRUB_TOM;D;20230517;000000;5151;5204.94;5125;5152.11;47650
GLDRUB_TOM;D;20230518;000000;5164.99;5183.27;5092.3;5095.01;171205
GLDRUB_TOM;D;20230519;000000;5051.17;5128.89;5051;5082.8;60089
GLDRUB_TOM;D;20230520;000000;5089.94;5101.72;5028;5084.99;80219
GLDRUB_TOM;D;20230523;000000;5084.99;5100;5050;5069;99551
GLDRUB_TOM;D;20230524;000000;5043.83;5089.96;5010;5057.74;99815
GLDRUB_TOM;D;20230525;000000;5060;5105.06;5040.58;5088.99;70020
GLDRUB_TOM;D;20230526;000000;5094.99;5094.99;5003;5043;59549
GLDRUB_TOM;D;20230527;000000;5042.96;5043;5000;5000.03;49212
GLDRUB_TOM;D;20230530;000000;4998.01;5058.96;4975;5058.96;71099
GLDRUB_TOM;D;20230531;000000;5049.99;5110;4994.07;5095;60657
GLDRUB_TOM;D;20230601;000000;5125.01;5130.7;5060;5110.01;109142
GLDRUB_TOM;D;20230602;000000;5075.01;5120;5066;5112.02;99378
GLDRUB_TOM;D;20230603;000000;5124.92;5149;5095.06;5135;80491
GLDRUB_TOM;D;20230606;000000;5100.03;5138.98;5062;5083.51;48272
GLDRUB_TOM;D;20230607;000000;5126.97;5134.97;5073.01;5106.01;52179
GLDRUB_TOM;D;20230608;000000;5134.93;5140;5088.27;5124.92;113715
GLDRUB_TOM;D;20230609;000000;5143.98;5199.99;5091.45;5198.01;83966
GLDRUB_TOM;D;20230610;000000;5158.05;5235;5158.05;5182;107811
GLDRUB_TOM;D;20230614;000000;5156.08;5284.74;5156.08;5257.01;86161
GLDRUB_TOM;D;20230615;000000;5294.97;5319.99;5230;5273.97;45813
GLDRUB_TOM;D;20230616;000000;5263.49;5263.49;5150;5203;85162
GLDRUB_TOM;D;20230617;000000;5219.13;5254.78;5200;5239.99;75867
GLDRUB_TOM;D;20230620;000000;5229.1;5296;5198.66;5240.99;65792
GLDRUB_TOM;D;20230621;000000;5250.98;5265;5222.36;5240;58959
GLDRUB_TOM;D;20230622;000000;5249.89;5249.89;5180;5193.04;77641
GLDRUB_TOM;D;20230623;000000;5180.16;5215.37;5135;5167.91;115163
GLDRUB_TOM;D;20230624;000000;5190;5202;5125;5182;117816
GLDRUB_TOM;D;20230627;000000;5230;5262;5167.99;5250;155881
GLDRUB_TOM;D;20230628;000000;5251.97;5251.99;5205.11;5225;122814
GLDRUB_TOM;D;20230629;000000;5242.83;5265;5201.02;5260;109422
GLDRUB_TOM;D;20230630;000000;5265.85;5320;5220;5315;60641
GLDRUB_TOM;D;20230701;000000;5300.03;5444;5275;5429.99;153388
GLDRUB_TOM;D;20230704;000000;5388.94;5435;5275;5398;82461
GLDRUB_TOM;D;20230705;000000;5360;5465;5358;5426.88;174796
GLDRUB_TOM;D;20230706;000000;5403.03;5509.72;5403;5498.9;230016
GLDRUB_TOM;D;20230707;000000;5553.48;5648.29;5481.29;5525;331549
GLDRUB_TOM;D;20230708;000000;5549.99;5578;5512;5529.99;117435
GLDRUB_TOM;D;20230711;000000;5530;5564.97;5460.01;5476.01;65622
GLDRUB_TOM;D;20230712;000000;5537.97;5539.99;5455.07;5494.88;108569
GLDRUB_TOM;D;20230713;000000;5514.87;5573.29;5478.89;5542;90787
GLDRUB_TOM;D;20230714;000000;5580;5597.87;5250;5510.02;116355
GLDRUB_TOM;D;20230715;000000;5535;5547.99;5455;5546.99;59617
GLDRUB_TOM;D;20230718;000000;5535.05;5582.5;5510.17;5580;76438
GLDRUB_TOM;D;20230719;000000;5600;5635.05;5556;5628.98;80378
GLDRUB_TOM;D;20230720;000000;5628.15;5680.31;5405.11;5659.98;142279
GLDRUB_TOM;D;20230721;000000;5657;5700;5630;5639.96;180205
GLDRUB_TOM;D;20230722;000000;5614.86;5672;5602.2;5670.01;142059
GLDRUB_TOM;D;20230725;000000;5678;5684.13;5583.28;5609.99;95008
GLDRUB_TOM;D;20230726;000000;5610.04;5636.33;5565.01;5611.97;99164
GLDRUB_TOM;D;20230727;000000;5601.49;5629;5512;5625;117962
GLDRUB_TOM;D;20230728;000000;5626.3;5650;5578.24;5620;136383
GLDRUB_TOM;D;20230729;000000;5621.3;5674.98;5582.68;5674.9;58261
GLDRUB_TOM;D;20230801;000000;5674.79;5708.26;5630;5705;107031
GLDRUB_TOM;D;20230802;000000;5710;5715.46;5660.88;5709.89;66292
GLDRUB_TOM;D;20230803;000000;5709.98;5778.19;5686;5768.98;97983
GLDRUB_TOM;D;20230804;000000;5773;5808.83;5712;5782.01;70534
GLDRUB_TOM;D;20230805;000000;5802.82;5898.69;5769;5879.99;84327
GLDRUB_TOM;D;20230808;000000;5881.01;5949.5;5822.5;5866.99;143347
GLDRUB_TOM;D;20230809;000000;5893.86;5978.23;5861;5959.99;100776
GLDRUB_TOM;D;20230810;000000;5967.01;5984.27;5914.99;5920.02;145167
GLDRUB_TOM;D;20230811;000000;5937;5992.02;5851.1;5991.84;70801
GLDRUB_TOM;D;20230812;000000;5985.01;6097;5971.05;6097;78512
GLDRUB_TOM;D;20230815;000000;6095;6210;5760;5913.89;208169
GLDRUB_TOM;D;20230816;000000;5886.01;6033.83;5666;5928.99;230737
GLDRUB_TOM;D;20230817;000000;5889.99;5944.27;5693.26;5715;108967
GLDRUB_TOM;D;20230818;000000;5749.78;5750;5480;5675.31;151603
GLDRUB_TOM;D;20230819;000000;5691.34;5691.34;5550;5674.89;79566
GLDRUB_TOM;D;20230822;000000;5681.93;5716.14;5630;5659.9;69828
GLDRUB_TOM;D;20230823;000000;5669;5765;5659.94;5723.9;77460
GLDRUB_TOM;D;20230824;000000;5730.27;5800;5730;5790;81268
GLDRUB_TOM;D;20230825;000000;5824.99;5998;5805.02;5861;60126
GLDRUB_TOM;D;20230826;000000;5880;5915;5803.01;5898.98;79825
GLDRUB_TOM;D;20230829;000000;5898.99;5952.83;5879.45;5947;58901
GLDRUB_TOM;D;20230830;000000;5957;5980;5910.03;5979;53259
GLDRUB_TOM;D;20230831;000000;5978.99;6025;5851;6025;53281
GLDRUB_TOM;D;20230901;000000;5981.87;6060;5962.19;5980.99;59567
GLDRUB_TOM;D;20230902;000000;5979.99;6049;5916;6005.07;34357
GLDRUB_TOM;D;20230905;000000;6004.96;6045.45;5970.01;6036.98;33406
GLDRUB_TOM;D;20230906;000000;6049.92;6090;6000.01;6090;61125
GLDRUB_TOM;D;20230907;000000;6090;6169.13;6039.64;6077.01;63556
GLDRUB_TOM;D;20230908;000000;6104.95;6104.95;5982.04;6076;62092
GLDRUB_TOM;D;20230909;000000;6039.01;6100;6020.22;6024.5;65790
GLDRUB_TOM;D;20230912;000000;6025.02;6025.04;5852.01;5869.98;65192
GLDRUB_TOM;D;20230913;000000;5868.97;5868.97;5697.01;5796.01;81541
GLDRUB_TOM;D;20230914;000000;5800.01;5918.19;5740;5887.99;36104
GLDRUB_TOM;D;20230915;000000;5900;5972.97;5835;5900.03;44344
GLDRUB_TOM;D;20230916;000000;5900.05;5988;5865.01;5969;58862
GLDRUB_TOM;D;20230919;000000;5965;5997;5916.04;5968;34798
GLDRUB_TOM;D;20230920;000000;5991.99;5992;5930.3;5975.03;39788
GLDRUB_TOM;D;20230921;000000;5975.02;5994.97;5950.11;5979.02;64137
GLDRUB_TOM;D;20230922;000000;5975;5990;5820;5873.98;260555
GLDRUB_TOM;D;20230923;000000;5879;5905;5834.01;5870.4;147586
GLDRUB_TOM;D;20230926;000000;5876;5895;5824.77;5868.5;36866
GLDRUB_TOM;D;20230927;000000;5868.5;5874.95;5805;5820;58456
GLDRUB_TOM;D;20230928;000000;5821.25;5855.99;5750;5787.01;53681
GLDRUB_TOM;D;20230929;000000;5787.01;5826.25;5782;5806.99;96430
GLDRUB_TOM;D;20230930;000000;5805.04;5859.97;5801.63;5828.26;43186
GLDRUB_TOM;D;20231003;000000;5826.99;5841.49;5760.22;5830;46649
GLDRUB_TOM;D;20231004;000000;5840.99;5843.48;5800.19;5827;28730
GLDRUB_TOM;D;20231005;000000;5830.01;5842.2;5780;5820;66583
GLDRUB_TOM;D;20231006;000000;5825;5838.36;5789;5795;115065
GLDRUB_TOM;D;20231007;000000;5824.98;5849.99;5750.5;5839.26;116564
GLDRUB_TOM;D;20231010;000000;5840;5973.98;5812.29;5855.95;63821
GLDRUB_TOM;D;20231011;000000;5877.97;5970.42;5845;5953.69;69489
GLDRUB_TOM;D;20231012;000000;5952.81;5973.88;5905.01;5927.98;82607
GLDRUB_TOM;D;20231013;000000;5829.99;5847.9;5710.49;5775;123366
GLDRUB_TOM;D;20231014;000000;5800;5852.19;5751.5;5850;70878
GLDRUB_TOM;D;20231017;000000;5877;5974.96;5835.2;5900;64684
GLDRUB_TOM;D;20231018;000000;5918.68;5943.03;5870;5928;51383
GLDRUB_TOM;D;20231019;000000;5952.36;5968.85;5910.86;5959.91;93913
GLDRUB_TOM;D;20231020;000000;5959.91;5959.99;5869.38;5921.11;178389
GLDRUB_TOM;D;20231021;000000;5928.2;5950;5901.15;5948;49292
GLDRUB_TOM;D;20231024;000000;5964.94;5998;5839.36;5879.82;152173
GLDRUB_TOM;D;20231025;000000;5877.99;5899.91;5813.71;5818.87;74448
GLDRUB_TOM;D;20231026;000000;5810.01;5862.99;5771.07;5795;123850
GLDRUB_TOM;D;20231027;000000;5818.87;5868.95;5800.17;5849.79;53811
GLDRUB_TOM;D;20231028;000000;5889.72;5898;5801.01;5845;136956
GLDRUB_TOM;D;20231031;000000;5874.99;5895;5807.55;5814.98;70090
GLDRUB_TOM;D;20231101;000000;5837.94;5837.94;5750.49;5818.99;99862
GLDRUB_TOM;D;20231102;000000;5817.99;5817.99;5700;5727.95;89002
GLDRUB_TOM;D;20231103;000000;5729.99;5791.99;5727.95;5775.18;93204
GLDRUB_TOM;D;20231104;000000;5775.18;5808.73;5751;5776.02;47795
GLDRUB_TOM;D;20231107;000000;5775.18;5775.18;5731.52;5745.51;12641
GLDRUB_TOM;D;20231108;000000;5708.06;5787.95;5690;5715.5;50662
GLDRUB_TOM;D;20231109;000000;5745.51;5750.12;5670;5681;42095
GLDRUB_TOM;D;20231110;000000;5676.01;5694.85;5605.05;5673.92;62378
GLDRUB_TOM;D;20231111;000000;5677;5749;5643.59;5676.89;64986
GLDRUB_TOM;D;20231114;000000;5676.89;5705.96;5625;5630;33058
GLDRUB_TOM;D;20231115;000000;5640;5641;5605.96;5636;59795
GLDRUB_TOM;D;20231116;000000;5694;5707.4;5585.15;5620;99459
GLDRUB_TOM;D;20231117;000000;5620.01;5688.8;5450;5535;196633
GLDRUB_TOM;D;20231118;000000;5555.01;5580.29;5529.52;5580;86822
GLDRUB_TOM;D;20231121;000000;5593.29;5593.29;5480;5501.8;58104
GLDRUB_TOM;D;20231122;000000;5511;5556.2;5495.24;5556.2;24164
GLDRUB_TOM;D;20231123;000000;5577.75;5585.04;5503.79;5539.5;101462
GLDRUB_TOM;D;20231124;000000;5567.99;5567.99;5505.03;5545.2;57935
GLDRUB_TOM;D;20231125;000000;5629.98;5629.98;5535.04;5555.75;75392
GLDRUB_TOM;D;20231128;000000;5559.98;5615.7;5555.95;5590;60411
GLDRUB_TOM;D;20231129;000000;5619.99;5675;5591.23;5661;49231
GLDRUB_TOM;D;20231130;000000;5688.53;5688.54;5660.04;5682;55493
GLDRUB_TOM;D;20231201;000000;5661.11;5738;5661.11;5712.01;49718
GLDRUB_TOM;D;20231202;000000;5738.99;5799;5687.52;5784;58442
GLDRUB_TOM;D;20231205;000000;5855.01;5900;5791.52;5830.12;135543
GLDRUB_TOM;D;20231206;000000;5840;5875.94;5827.76;5855.2;55274
GLDRUB_TOM;D;20231207;000000;5860;5910;5831.98;5887;72349
GLDRUB_TOM;D;20231208;000000;5887;5897.99;5840;5841.98;65056
GLDRUB_TOM;D;20231209;000000;5850.36;5870;5680.38;5704.01;122626
GLDRUB_TOM;D;20231212;000000;5713;5737.98;5395;5623.61;67478
GLDRUB_TOM;D;20231213;000000;5614;5636;5570;5570;46208
GLDRUB_TOM;D;20231214;000000;5599.98;5604.99;5546.59;5580;39560
GLDRUB_TOM;D;20231215;000000;5647;5774.74;5603.1;5734.98;105969
GLDRUB_TOM;D;20231216;000000;5734.98;5750;5682.01;5713.26;77689
GLDRUB_TOM;D;20231219;000000;5739.98;5739.98;5654.28;5696.99;59535
GLDRUB_TOM;D;20231220;000000;5684;5735.47;5651;5718.38;54463
GLDRUB_TOM;D;20231221;000000;5730;5755;5686;5715;46533
GLDRUB_TOM;D;20231222;000000;5723.99;5827.99;5676.26;5811.48;177886
GLDRUB_TOM;D;20231223;000000;5809;5840;5760;5820.07;72515
GLDRUB_TOM;D;20231226;000000;5819.5;5870;5770.09;5862.63;98157
GLDRUB_TOM;D;20231227;000000;5857.32;5899;5823.08;5885.86;33921
GLDRUB_TOM;D;20231228;000000;5879.99;5930;5865.01;5915.21;45962
GLDRUB_TOM;D;20231229;000000;5918.99;5927;5824;5873.29;51086
GLDRUB_TOM;D;20231230;000000;5870.46;5912.73;5830.05;5912.72;50860
GLDRUB_TOM;D;20240104;000000;5920;5941.13;5863;5910.89;17537
GLDRUB_TOM;D;20240105;000000;5912;5970;5867.28;5885.12;14622
GLDRUB_TOM;D;20240106;000000;5899.98;6050;5800;5868.85;19172
GLDRUB_TOM;D;20240109;000000;5876.76;5877.9;5775;5838.77;25404
GLDRUB_TOM;D;20240110;000000;5838.76;5859;5800;5809.58;53536
GLDRUB_TOM;D;20240111;000000;5838.77;5838.77;5793.18;5801.99;29621
GLDRUB_TOM;D;20240112;000000;5799.97;5828.97;5761.3;5764.99;147511
GLDRUB_TOM;D;20240113;000000;5764.99;5839.88;5760;5833.79;47703
GLDRUB_TOM;D;20240116;000000;5825.03;5849.99;5766.76;5781.57;56700
GLDRUB_TOM;D;20240117;000000;5770.03;5815.98;5756.06;5760;63877
GLDRUB_TOM;D;20240118;000000;5781;5785.42;5726;5748.92;39954
GLDRUB_TOM;D;20240119;000000;5751.03;5780;5730;5759.8;45753
GLDRUB_TOM;D;20240120;000000;5782.8;5782.8;5709.45;5733.6;81236
GLDRUB_TOM;D;20240123;000000;5730;5746;5562.59;5695;69069
GLDRUB_TOM;D;20240124;000000;5724.99;5730;5691.13;5730;37231
GLDRUB_TOM;D;20240125;000000;5730;5758;5709;5750.07;27296
GLDRUB_TOM;D;20240126;000000;5745;5806.42;5702;5775.01;37578
GLDRUB_TOM;D;20240127;000000;5795;5836;5765;5799.9;52152
GLDRUB_TOM;D;20240130;000000;5795.01;5839.89;5757.06;5765;52259
GLDRUB_TOM;D;20240131;000000;5799.9;5829.96;5751.08;5800.06;27089
GLDRUB_TOM;D;20240201;000000;5803.97;5857;5783;5851.99;63516
GLDRUB_TOM;D;20240202;000000;5838;5878;5830;5873.95;81394
GLDRUB_TOM;D;20240203;000000;5860.72;5935;5846;5891.99;149982
GLDRUB_TOM;D;20240206;000000;5881;5894;5815;5838.91;108672
GLDRUB_TOM;D;20240207;000000;5820;5890.99;5818.04;5890.8;30379
GLDRUB_TOM;D;20240208;000000;5890.8;5890.8;5843.5;5870.03;45926
GLDRUB_TOM;D;20240209;000000;5875.01;5884.97;5820.53;5821.31;37817
GLDRUB_TOM;D;20240210;000000;5823.16;5886;5805.5;5817.57;25647
GLDRUB_TOM;D;20240213;000000;5820;5863.48;5796.73;5816.91;32143
GLDRUB_TOM;D;20240214;000000;5817.01;5855;5780.01;5792.13;19173
GLDRUB_TOM;D;20240215;000000;5816.91;5830;5785;5801.01;19857
GLDRUB_TOM;D;20240216;000000;5810;5883.34;5802;5870.01;39483
GLDRUB_TOM;D;20240217;000000;5849;5890;5835.19;5877.99;45558
GLDRUB_TOM;D;20240220;000000;5871.02;5911.29;5871.01;5901;56987
GLDRUB_TOM;D;20240221;000000;5900.99;5924.99;5880.21;5919.01;24850
GLDRUB_TOM;D;20240222;000000;5950;5950;5904.73;5931.02;67016
GLDRUB_TOM;D;20240223;000000;5931.01;5970.67;5912.17;5939.99;85329
GLDRUB_TOM;D;20240227;000000;5939.99;6000;5939.99;5990.01;65027
GLDRUB_TOM;D;20240228;000000;5999;6010;5981;6006.05;32000
GLDRUB_TOM;D;20240229;000000;6000;6004.03;5937;5949.9;61213
GLDRUB_TOM;D;20240301;000000;5974.88;5985;5915;5954.98;37731
GLDRUB_TOM;D;20240302;000000;5954.98;6036.84;5951.19;6034;53706
GLDRUB_TOM;D;20240305;000000;6044;6080;6011;6079.9;80232
GLDRUB_TOM;D;20240306;000000;6084.3;6189;6071;6177;105000
GLDRUB_TOM;D;20240307;000000;6160;6192.5;6113.1;6176;133763
GLDRUB_TOM;D;20240308;000000;6177;6230;6172;6220.1;71321
GLDRUB_TOM;D;20240312;000000;6235;6320;6231;6295.4;98258
GLDRUB_TOM;D;20240313;000000;6294.9;6310;6243;6307;67799
GLDRUB_TOM;D;20240314;000000;6305;6364;6258.5;6351.1;70356
GLDRUB_TOM;D;20240315;000000;6360;6389.3;6333;6333;173035
GLDRUB_TOM;D;20240316;000000;6369;6475;6350.2;6455.1;111217
GLDRUB_TOM;D;20240319;000000;6333;6437;6210;6366.2;81147
GLDRUB_TOM;D;20240320;000000;6372;6419.9;6343.3;6401.1;74207
GLDRUB_TOM;D;20240321;000000;6415;6446.3;6401;6434.8;63632
GLDRUB_TOM;D;20240322;000000;6485;6548;6440;6465.1;96435
GLDRUB_TOM;D;20240323;000000;6480;6500.1;6420.2;6466.1;72284
GLDRUB_TOM;D;20240326;000000;6505.4;6552.6;6430.1;6536.9;100297
GLDRUB_TOM;D;20240327;000000;6536.9;6545;6485.1;6517.6;69166
GLDRUB_TOM;D;20240328;000000;6510;6560;6485;6559.9;132983
GLDRUB_TOM;D;20240329;000000;6550;6654.9;6532.8;6654.8;116101
GLDRUB_TOM;D;20240330;000000;6660;6748;6634.4;6686.9;156384
GLDRUB_TOM;D;20240402;000000;6710.1;6830;6695.6;6759.6;156624
GLDRUB_TOM;D;20240403;000000;6763;6849.9;6740.5;6845.7;70548
GLDRUB_TOM;D;20240404;000000;6864.3;6921.9;6780.5;6869;73269
GLDRUB_TOM;D;20240405;000000;6898;6898;6811.2;6853.4;63996
GLDRUB_TOM;D;20240406;000000;6839.9;6924.9;6805;6919.9;65179
GLDRUB_TOM;D;20240409;000000;6940;7023.5;6928;7018.9;83151
GLDRUB_TOM;D;20240410;000000;7025;7133.9;7020;7094.9;84186
GLDRUB_TOM;D;20240411;000000;7095;7159;7053.5;7118.7;89627
GLDRUB_TOM;D;20240412;000000;7118.7;7139;7057;7085;70173
GLDRUB_TOM;D;20240413;000000;7145;7488.1;7121.1;7265.3;141463
GLDRUB_TOM;D;20240416;000000;7190;7217.9;7012;7099.4;123645
GLDRUB_TOM;D;20240417;000000;7170;7277.9;7117.1;7262.1;79237
GLDRUB_TOM;D;20240418;000000;7279.8;7280;7207.4;7220;68570
GLDRUB_TOM;D;20240419;000000;7218.9;7227.2;7120;7149.1;88140
GLDRUB_TOM;D;20240420;000000;7220;7220;7087;7098.2;96356
GLDRUB_TOM;D;20240423;000000;7098;7098;6900;6932.6;132090
GLDRUB_TOM;D;20240424;000000;6885;6932.7;6760;6839.9;145089
GLDRUB_TOM;D;20240425;000000;6845;6907;6792.2;6849.9;66826
GLDRUB_TOM;D;20240426;000000;6838;6869.5;6780;6858;68643
GLDRUB_TOM;D;20240427;000000;6858;6957.9;6820.2;6899.7;92067
GLDRUB_TOM;D;20240428;000000;6897.9;6918;6858.1;6896.5;32915
GLDRUB_TOM;D;20240430;000000;6881.5;6999.9;6863;6938.9;12531
GLDRUB_TOM;D;20240501;000000;6913.1;6938;6797;6818;12392
GLDRUB_TOM;D;20240503;000000;6883;6893;6704;6740;54917
GLDRUB_TOM;D;20240504;000000;6740.1;6779.8;6674.5;6718;47679
GLDRUB_TOM;D;20240507;000000;6741;6797.7;6711.9;6758.2;67892
GLDRUB_TOM;D;20240508;000000;6770;6795.4;6690;6691.5;47203
GLDRUB_TOM;D;20240509;000000;6703.1;6768.8;6703.1;6759;64197
GLDRUB_TOM;D;20240511;000000;6818.4;6930;6816;6922;19906
GLDRUB_TOM;D;20240514;000000;6921.9;6921.9;6750;6812.8;43134
GLDRUB_TOM;D;20240515;000000;6812.8;6839.4;6790.4;6821;36573
GLDRUB_TOM;D;20240516;000000;6853.4;6888.7;6816.4;6855;34285
GLDRUB_TOM;D;20240517;000000;6885;6909.8;6840.5;6869.6;29084
GLDRUB_TOM;D;20240518;000000;6860.1;6933;6855.1;6912.4;42412
GLDRUB_TOM;D;20240521;000000;6972.3;7023.9;6943.9;6990;130996
GLDRUB_TOM;D;20240522;000000;6984.1;6991;6913.9;6969.5;47217
GLDRUB_TOM;D;20240523;000000;6953.2;6969.4;6840.6;6880.1;39725
GLDRUB_TOM;D;20240524;000000;6853;6870;6730.1;6745;39726
GLDRUB_TOM;D;20240525;000000;6730;6759.6;6690;6730;44626
GLDRUB_TOM;D;20240528;000000;6730;6744.9;6661.1;6707;53714
GLDRUB_TOM;D;20240529;000000;6707.2;6731.5;6641.1;6687.9;75399
GLDRUB_TOM;D;20240530;000000;6707;6742.9;6679;6680.1;43128
GLDRUB_TOM;D;20240531;000000;6680.2;6730;6646.2;6705.2;139838
GLDRUB_TOM;D;20240601;000000;6727;6755.5;6671;6671;93579
GLDRUB_TOM;D;20240604;000000;6672.1;6695;6600.2;6610;86786
GLDRUB_TOM;D;20240605;000000;6620;6663.9;6585;6585;143584
GLDRUB_TOM;D;20240606;000000;6600;6680;6587.3;6680;43213
GLDRUB_TOM;D;20240607;000000;6684;6735.9;6674.8;6724;58958
GLDRUB_TOM;D;20240608;000000;6725.5;6740;6590;6622.9;67972
GLDRUB_TOM;D;20240611;000000;6601.9;6607.7;6549.9;6564.9;36799
GLDRUB_TOM;D;20240612;000000;6564.9;6627.8;6550;6609.9;32985
GLDRUB_TOM;D;20240614;000000;6650;6697.9;6426.2;6538;109931
GLDRUB_TOM;D;20240615;000000;6550;6627.9;6520.1;6608;49688
GLDRUB_TOM;D;20240618;000000;6608;6629;6460;6494.9;94083
GLDRUB_TOM;D;20240619;000000;6494.5;6500;6412.4;6423.1;81156
GLDRUB_TOM;D;20240620;000000;6400;6410.8;6250;6360.2;238013
GLDRUB_TOM;D;20240621;000000;6360.1;6590.9;6299.1;6577;105349
GLDRUB_TOM;D;20240622;000000;6580;6810;6556;6624.9;146096
GLDRUB_TOM;D;20240625;000000;6600;6618.8;6481;6513.4;58526
GLDRUB_TOM;D;20240626;000000;6513.4;6548.2;6480;6531.2;57534
GLDRUB_TOM;D;20240627;000000;6531.2;6543;6464.2;6475.4;58131
GLDRUB_TOM;D;20240628;000000;6475;6520;6382.1;6490.2;104659
GLDRUB_TOM;D;20240629;000000;6490.2;6650;6466.8;6524;70587
GLDRUB_TOM;D;20240702;000000;6520.3;6625.5;6520.3;6583.9;47843
GLDRUB_TOM;D;20240703;000000;6570;6640;6565;6580;71229
GLDRUB_TOM;D;20240704;000000;6585;6707.6;6585;6700;86023
GLDRUB_TOM;D;20240705;000000;6700;6768.7;6680.1;6735;49839
GLDRUB_TOM;D;20240706;000000;6750;6771.9;6659.9;6721.2;60474
GLDRUB_TOM;D;20240709;000000;6746.4;6797.6;6690.1;6790.9;44425
GLDRUB_TOM;D;20240710;000000;6703;6742.7;6640;6685;76827
GLDRUB_TOM;D;20240711;000000;6685.7;6745.6;6685.5;6729;52517
GLDRUB_TOM;D;20240712;000000;6729;6818.9;6716.3;6814.8;73961
GLDRUB_TOM;D;20240713;000000;6775;6810;6766;6785.2;58480
GLDRUB_TOM;D;20240716;000000;6800;6850;6759;6823.1;98490
GLDRUB_TOM;D;20240717;000000;6823;6940;6810;6935;104637
GLDRUB_TOM;D;20240718;000000;6935;7009;6915;6920;143360
GLDRUB_TOM;D;20240719;000000;6920;6972.3;6905;6926;98269
GLDRUB_TOM;D;20240720;000000;6865;7000;6752.2;6830;201677
GLDRUB_TOM;D;20240723;000000;6800.1;6867;6757.4;6767.1;98712
GLDRUB_TOM;D;20240724;000000;6770.3;6799.1;6728.6;6760;85470
GLDRUB_TOM;D;20240725;000000;6767.1;6790;6747.8;6770;54099
GLDRUB_TOM;D;20240726;000000;6667;6687.9;6580;6634.8;88565
GLDRUB_TOM;D;20240727;000000;6618.9;6730;6600.1;6730;81972
GLDRUB_TOM;D;20240730;000000;6747;6772.5;6643.1;6655;64748
GLDRUB_TOM;D;20240731;000000;6685.9;6740.2;6661.5;6715.9;81117
GLDRUB_TOM;D;20240801;000000;6756;6795.9;6752.3;6760;74368
GLDRUB_TOM;D;20240802;000000;6795;6817;6677.4;6766.9;82511
GLDRUB_TOM;D;20240803;000000;6785.1;6842.7;6702;6730.5;76044
GLDRUB_TOM;D;20240806;000000;6734.9;6766.7;6560;6665;132315
GLDRUB_TOM;D;20240807;000000;6660.8;6694.9;6605.1;6644.9;56906
GLDRUB_TOM;D;20240808;000000;6665;6690.3;6620;6647.9;38084
GLDRUB_TOM;D;20240809;000000;6647.9;6750;6620;6730;53122
GLDRUB_TOM;D;20240810;000000;6730;6749.9;6705.9;6740;62449
GLDRUB_TOM;D;20240813;000000;6741;6965;6739.1;6949.6;155219
GLDRUB_TOM;D;20240814;000000;6950;7054.8;6916.3;7020.1;200905
GLDRUB_TOM;D;20240815;000000;7049.5;7061;6820;6839.9;110180
GLDRUB_TOM;D;20240816;000000;6840.2;6939.9;6837.3;6886.9;58130
GLDRUB_TOM;D;20240817;000000;6890;6974.5;6873.2;6972;102230
GLDRUB_TOM;D;20240820;000000;6995.4;7078.9;6993;7058;180515
GLDRUB_TOM;D;20240821;000000;7069;7157.3;7028.5;7133.9;216608
GLDRUB_TOM;D;20240822;000000;7120.5;7168.2;7025.5;7117.9;129229
GLDRUB_TOM;D;20240823;000000;7117.9;7117.9;7008;7019.9;222533
GLDRUB_TOM;D;20240824;000000;7020;7172;6993.1;7159.9;180035
GLDRUB_TOM;D;20240827;000000;7159.9;7282.2;7107.5;7219.1;95066
GLDRUB_TOM;D;20240828;000000;7219;7289.8;7150;7251;118459
GLDRUB_TOM;D;20240829;000000;7251;7289;7221.8;7260.3;113333
GLDRUB_TOM;D;20240830;000000;7274.2;7365.5;7266.3;7361;90015
GLDRUB_TOM;D;20240831;000000;7355;7419;7250.2;7251;120814
GLDRUB_TOM;D;20240903;000000;7260;7292.9;7100;7218.9;110521
GLDRUB_TOM;D;20240904;000000;7209.9;7210;7051.8;7055;130540
GLDRUB_TOM;D;20240905;000000;7055.1;7200;7035;7172;171749
GLDRUB_TOM;D;20240906;000000;7179.8;7230;7146;7163;93572
GLDRUB_TOM;D;20240907;000000;7171;7264.2;7171;7220;221455
GLDRUB_TOM;D;20240910;000000;7199;7258;7166.6;7240;122061
GLDRUB_TOM;D;20240911;000000;7241.3;7317.6;7241.3;7313;89499
GLDRUB_TOM;D;20240912;000000;7330;7378.9;7264.5;7303.5;183505
GLDRUB_TOM;D;20240913;000000;7330;7438;7280;7421.1;120303
GLDRUB_TOM;D;20240914;000000;7460;7510;7424;7508.1;172300
GLDRUB_TOM;D;20240917;000000;7520;7610;7519;7590.4;131157
GLDRUB_TOM;D;20240918;000000;7582.5;7618.4;7512.1;7554;81943
GLDRUB_TOM;D;20240919;000000;7560;7600;7534.9;7570;162675
GLDRUB_TOM;D;20240920;000000;7590.1;7696.5;7590.1;7660.2;160008
GLDRUB_TOM;D;20240921;000000;7696.5;7775;7671;7763.7;130755
GLDRUB_TOM;D;20240924;000000;7767;7817.7;7742.1;7814.9;146838
GLDRUB_TOM;D;20240925;000000;7810.5;7845;7765;7790.1;103603
GLDRUB_TOM;D;20240926;000000;7816;7904.1;7797.7;7879.1;133350
GLDRUB_TOM;D;20240927;000000;7888.5;7930;7855;7907.4;173830
GLDRUB_TOM;D;20240928;000000;7910;7935;7896;7908.5;75027
GLDRUB_TOM;D;20241001;000000;7908.5;7947.8;7855;7909;122655
GLDRUB_TOM;D;20241002;000000;7908.5;8004.9;7875.8;7993;111126
GLDRUB_TOM;D;20241003;000000;7990;8074.9;7982.2;8049.9;108690
GLDRUB_TOM;D;20241004;000000;8051;8080;7961;8018.2;141658
GLDRUB_TOM;D;20241005;000000;8035;8136;8020;8118.8;105674
GLDRUB_TOM;D;20241008;000000;8095;8189.3;8055.3;8150.5;87473
GLDRUB_TOM;D;20241009;000000;8147.5;8175;8069.4;8080;101707
GLDRUB_TOM;D;20241010;000000;8078.9;8144.8;8065;8127.9;82541
GLDRUB_TOM;D;20241011;000000;8125.9;8163;8102.8;8114;105752
GLDRUB_TOM;D;20241012;000000;8127;8153;8065.3;8122.5;98687
GLDRUB_TOM;D;20241015;000000;8130;8179.9;8130;8135.1;116404
GLDRUB_TOM;D;20241016;000000;8149.9;8247;8140.1;8247;181355
GLDRUB_TOM;D;20241017;000000;8260;8329;8236.9;8254;107247
GLDRUB_TOM;D;20241018;000000;8272;8315;8237.9;8300;93419
GLDRUB_TOM;D;20241019;000000;8330;8363;8296;8353;154518
GLDRUB_TOM;D;20241022;000000;8362;8450;8361;8422.2;162229
GLDRUB_TOM;D;20241023;000000;8498.9;8498.9;8442.8;8479;82191
GLDRUB_TOM;D;20241024;000000;8533;8533;8404.9;8428;246027
GLDRUB_TOM;D;20241025;000000;8450;8474.1;8416.3;8435;124703
GLDRUB_TOM;D;20241026;000000;8450;8468.1;8379.4;8402;214481
GLDRUB_TOM;D;20241029;000000;8402;8519.7;8402;8516.6;239446
GLDRUB_TOM;D;20241030;000000;8541;8638.9;8541;8612.8;215252
GLDRUB_TOM;D;20241031;000000;8658;8697.7;8630.4;8658.7;238168
GLDRUB_TOM;D;20241101;000000;8664.7;8675;8506;8530;187175
GLDRUB_TOM;D;20241102;000000;8565;8645;8551.6;8620;155941
GLDRUB_TOM;D;20241103;000000;8613;8629.2;8561.2;8619.7;81712
GLDRUB_TOM;D;20241106;000000;8630;8659.8;8604;8631.1;135222
GLDRUB_TOM;D;20241107;000000;8547;8606.5;8220;8356.3;265951
GLDRUB_TOM;D;20241108;000000;8213;8446.6;8213;8445;168172
GLDRUB_TOM;D;20241109;000000;8342;8498.9;8342;8473;236995
GLDRUB_TOM;D;20241112;000000;8463;8463;8037;8100.6;327692
GLDRUB_TOM;D;20241113;000000;8100.6;8177.9;8100.6;8151;223598
GLDRUB_TOM;D;20241114;000000;8175;8219.6;8135;8168.9;166834
GLDRUB_TOM;D;20241115;000000;8095.5;8117;8010;8105;185332
GLDRUB_TOM;D;20241116;000000;8120;8162.4;8100;8116;394829
GLDRUB_TOM;D;20241119;000000;8195;8319.6;8190;8319.6;109065
GLDRUB_TOM;D;20241120;000000;8345;8499.9;8345;8411;166876
GLDRUB_TOM;D;20241121;000000;8420;8496.2;8401;8474.8;108807
GLDRUB_TOM;D;20241122;000000;8501.2;8636;8501.2;8633;136125
GLDRUB_TOM;D;20241123;000000;8698.5;8917.9;8698.5;8888.2;228754
GLDRUB_TOM;D;20241126;000000;8657.8;8988.8;8475;8820.3;284152
GLDRUB_TOM;D;20241127;000000;8829;8950;8661.2;8934.9;261207
GLDRUB_TOM;D;20241128;000000;8951;9264.9;8900;9036.8;527587
GLDRUB_TOM;D;20241129;000000;9036.8;9243.7;8947.3;9000;270235
GLDRUB_TOM;D;20241130;000000;9060;9200;8950;8980;327953
GLDRUB_TOM;D;20241203;000000;8950;9027.5;8858.8;8990;157277
GLDRUB_TOM;D;20241204;000000;8990;9037.9;8853.3;8897.9;169663
GLDRUB_TOM;D;20241205;000000;8893;8895;8745.2;8881.1;209259
GLDRUB_TOM;D;20241206;000000;8902.2;8978.5;8470;8547.9;306034
GLDRUB_TOM;D;20241207;000000;8563.5;8563.5;8312.4;8385;275564
GLDRUB_TOM;D;20241210;000000;8390;8668.9;8340;8654;253471
GLDRUB_TOM;D;20241211;000000;8660;8685;8400;8643.9;179258
GLDRUB_TOM;D;20241212;000000;8654;8903;8631.7;8886.2;214839
GLDRUB_TOM;D;20241213;000000;8900.9;8977;8657.4;8699;173961
GLDRUB_TOM;D;20241214;000000;8740;8812;8673.5;8709.9;123564
GLDRUB_TOM;D;20241217;000000;8709.9;8727.2;8607;8661.9;205024
GLDRUB_TOM;D;20241218;000000;8635.5;8660;8575.2;8641.4;145767
GLDRUB_TOM;D;20241219;000000;8691;8727.3;8575.5;8629.9;256020
GLDRUB_TOM;D;20241220;000000;8600;8609;8490;8524.4;246799
GLDRUB_TOM;D;20241221;000000;8553;8660;8483.7;8660;178219
GLDRUB_TOM;D;20241224;000000;8662;8667;8471.2;8518.9;196550
GLDRUB_TOM;D;20241225;000000;8518.9;8523.7;8410.3;8440;170629
GLDRUB_TOM;D;20241226;000000;8451;8488.6;8425.4;8435;162575
GLDRUB_TOM;D;20241227;000000;8435;8495;8400;8458.4;236959
GLDRUB_TOM;D;20241228;000000;8458.4;8559.6;8360;8429.9;308550
GLDRUB_TOM;D;20241229;000000;8419.9;8599.9;8387.1;8565.5;118512
GLDRUB_TOM;D;20241231;000000;8565;8670;8452.3;8550;37479
GLDRUB_TOM;D;20250104;000000;8725;8818;8675.1;8710.6;67367
GLDRUB_TOM;D;20250107;000000;8725;8750;8544.9;8619;30548
GLDRUB_TOM;D;20250109;000000;8650;8698;8600.1;8640;14790
GLDRUB_TOM;D;20250110;000000;8642;8780;8642;8760;132084
GLDRUB_TOM;D;20250111;000000;8760;8905;8750.5;8890;188602
GLDRUB_TOM;D;20250114;000000;8890;8929;8821.8;8833.2;142116
GLDRUB_TOM;D;20250115;000000;8847.9;8901.6;8820;8855.1;156118
GLDRUB_TOM;D;20250116;000000;8870.2;8948.8;8867.6;8905.3;143081
GLDRUB_TOM;D;20250117;000000;8923;8997.7;8921;8989.9;231799
GLDRUB_TOM;D;20250118;000000;8999.1;9049.8;8933;8955;249209
GLDRUB_TOM;D;20250121;000000;8957.1;8988;8880.1;8934.9;243562
GLDRUB_TOM;D;20250122;000000;8938.1;8966;8820;8848;185274
GLDRUB_TOM;D;20250123;000000;8860.3;8894;8823.2;8835;93370
GLDRUB_TOM;D;20250124;000000;8851;8880;8802.4;8831.5;95661
GLDRUB_TOM;D;20250125;000000;8881;8947;8811.2;8866.7;159266
GLDRUB_TOM;D;20250128;000000;8854.8;8854.9;8680;8723;380575
GLDRUB_TOM;D;20250129;000000;8743.2;8788;8650;8673.8;173028
GLDRUB_TOM;D;20250130;000000;8680;8723;8647.6;8671;188175
GLDRUB_TOM;D;20250131;000000;8687;8763.8;8684.9;8751.1;170845
GLDRUB_TOM;D;20250201;000000;8774.5;8881.5;8753.1;8840;146739
GLDRUB_TOM;D;20250204;000000;8857;8922.8;8830;8892.9;115641
GLDRUB_TOM;D;20250205;000000;8882.5;8899;8830.2;8865.3;107094
GLDRUB_TOM;D;20250206;000000;8945;8976.2;8845.5;8850.4;211148
GLDRUB_TOM;D;20250207;000000;8798;8938.9;8708.3;8920;218660
GLDRUB_TOM;D;20250208;000000;8935;9007;8881.3;8999.9;166396
GLDRUB_TOM;D;20250211;000000;9000;9028.8;8975;8977;142304
GLDRUB_TOM;D;20250212;000000;9015.5;9015.5;8856.8;8903;162539
GLDRUB_TOM;D;20250213;000000;8868;8889.9;8685.3;8756.8;303298
GLDRUB_TOM;D;20250214;000000;8638;8692.5;8432;8600;225160
GLDRUB_TOM;D;20250215;000000;8592;8759.9;8555.3;8678.4;345438
GLDRUB_TOM;D;20250218;000000;8675;8690;8500;8520.9;234971
GLDRUB_TOM;D;20250219;000000;8561;8619.9;8543.2;8611.9;235732
GLDRUB_TOM;D;20250220;000000;8615;8644;8562.5;8600;127651
GLDRUB_TOM;D;20250221;000000;8593;8599.5;8369;8377;206200
GLDRUB_TOM;D;20250222;000000;8310;8449.9;8278;8355;214392
GLDRUB_TOM;D;20250225;000000;8350;8425;8290;8303.2;274434
GLDRUB_TOM;D;20250226;000000;8283;8283;8068;8109;154955
GLDRUB_TOM;D;20250227;000000;8112;8257.9;8011;8219.6;270141
GLDRUB_TOM;D;20250228;000000;8200;8300;8100;8209.4;260361
GLDRUB_TOM;D;20250301;000000;8230.5;8249.4;8150.1;8168.5;185584
GLDRUB_TOM;D;20250304;000000;8277;8343.8;8181.7;8318;183712
GLDRUB_TOM;D;20250305;000000;8286;8430;8242.6;8360.9;206097
GLDRUB_TOM;D;20250306;000000;8381;8450;8360;8415;177252
GLDRUB_TOM;D;20250307;000000;8461;8487.5;8361;8419.9;110344
GLDRUB_TOM;D;20250308;000000;8420.2;8438;8315;8350;231645
GLDRUB_TOM;D;20250311;000000;8335.5;8419;8182.7;8230;223838
GLDRUB_TOM;D;20250312;000000;8180;8187.9;8085.5;8157;135027
GLDRUB_TOM;D;20250313;000000;8157;8250;8157;8212.9;167381
GLDRUB_TOM;D;20250314;000000;8274.9;8299.9;8195;8294;218791
GLDRUB_TOM;D;20250315;000000;8300;8335;8250;8289.8;169152
GLDRUB_TOM;D;20250318;000000;8288;8288;8094;8102;175569
GLDRUB_TOM;D;20250319;000000;8116;8217.9;7979.9;8149.2;467002
GLDRUB_TOM;D;20250320;000000;8197;8310;8140.9;8260;260451
GLDRUB_TOM;D;20250321;000000;8359;8397.9;8286.1;8323.4;289631
GLDRUB_TOM;D;20250322;000000;8355;8366.4;8255;8321.8;187279
GLDRUB_TOM;D;20250325;000000;8275;8327.1;8199.3;8291.9;187149
GLDRUB_TOM;D;20250326;000000;8309;8319;8186.6;8208.4;242584
GLDRUB_TOM;D;20250327;000000;8209;8265;8157;8157;206580
GLDRUB_TOM;D;20250328;000000;8213;8222.6;8150.9;8160;338194
GLDRUB_TOM;D;20250329;000000;8225;8435;8202.6;8408;268153
GLDRUB_TOM;D;20250401;000000;8581;8600;8460;8500.1;283628
GLDRUB_TOM;D;20250402;000000;8543;8582.5;8404.1;8415;226291
GLDRUB_TOM;D;20250403;000000;8423;8494.8;8393;8461.1;259694
GLDRUB_TOM;D;20250404;000000;8461;8511.8;8291.1;8415.3;390627
GLDRUB_TOM;D;20250405;000000;8415.8;8585;8345.9;8420.7;441685
GLDRUB_TOM;D;20250408;000000;8516;8544.9;8311.3;8311.3;195763
GLDRUB_TOM;D;20250409;000000;8363;8398.9;8311.3;8360;209030
GLDRUB_TOM;D;20250410;000000;8468.5;8545.2;8431.2;8514.9;673765
GLDRUB_TOM;D;20250411;000000;8514.9;8618.1;8481.5;8577;340259
GLDRUB_TOM;D;20250412;000000;8639;8710;8556;8589;399124
GLDRUB_TOM;D;20250415;000000;8589;8634.7;8534.5;8568;369541
GLDRUB_TOM;D;20250416;000000;8595;8622.2;8531;8605;330259
GLDRUB_TOM;D;20250417;000000;8755.2;8885.6;8704.7;8851;608533
GLDRUB_TOM;D;20250418;000000;8858;8880;8683.7;8697.9;322037
GLDRUB_TOM;D;20250419;000000;8700;8800;8637.9;8710;337134
GLDRUB_TOM;D;20250422;000000;8825;8920;8786;8919;260657
GLDRUB_TOM;D;20250423;000000;9058;9087;8965.8;9033;478762
GLDRUB_TOM;D;20250424;000000;8802.5;8915.4;8670;8723.6;594083
GLDRUB_TOM;D;20250425;000000;8845.5;8900.3;8807.3;8846.8;299946
GLDRUB_TOM;D;20250426;000000;8789;8834;8710;8739;249557
GLDRUB_TOM;D;20250429;000000;8750.1;8772.9;8627;8698.9;409412
GLDRUB_TOM;D;20250430;000000;8701.1;8719.9;8630;8662.1;259709
GLDRUB_TOM;D;20250501;000000;8678;8709.8;8560;8610.3;248664
GLDRUB_TOM;D;20250503;000000;8560;8690;8556.3;8599.8;78401
GLDRUB_TOM;D;20250506;000000;8672.5;8684.9;8599.9;8675;181738
GLDRUB_TOM;D;20250507;000000;8756.5;8824.9;8741;8802;254910
GLDRUB_TOM;D;20250508;000000;8825;8890;8748;8853.2;254278
GLDRUB_TOM;D;20250509;000000;8770;8861;8759.8;8773.1;32847
GLDRUB_TOM;D;20250513;000000;8580;8580;8375;8417;296831
GLDRUB_TOM;D;20250514;000000;8453.6;8493.1;8420;8450;396090
GLDRUB_TOM;D;20250515;000000;8426;8447.4;8270;8325;242635
GLDRUB_TOM;D;20250516;000000;8251;8330;8176;8326.9;201332
GLDRUB_TOM;D;20250517;000000;8325;8371.1;8252;8340;355311
GLDRUB_TOM;D;20250520;000000;8408;8425;8342.5;8360.9;557720
GLDRUB_TOM;D;20250521;000000;8325;8525;8311.1;8513;308493
GLDRUB_TOM;D;20250522;000000;8550.3;8571;8431.2;8479.9;613749
GLDRUB_TOM;D;20250523;000000;8501;8514.9;8358.6;8459.9;281855
GLDRUB_TOM;D;20250524;000000;8503.2;8561;8465;8529.6;334234
GLDRUB_TOM;D;20250527;000000;8485.1;8520;8475;8513.1;213630
GLDRUB_TOM;D;20250528;000000;8484.6;8484.6;8397.3;8407;277808
GLDRUB_TOM;D;20250529;000000;8403;8443.5;8331.1;8348.3;334477
GLDRUB_TOM;D;20250530;000000;8239.5;8305.7;8205.2;8275.1;311980
GLDRUB_TOM;D;20250531;000000;8276.5;8327.3;8250;8285.8;413532
GLDRUB_TOM;D;20250603;000000;8443;8513.9;8425.1;8476;313911
GLDRUB_TOM;D;20250604;000000;8468.6;8474.2;8426.4;8443.7;346663
GLDRUB_TOM;D;20250605;000000;8465;8578.1;8403;8560;598553
GLDRUB_TOM;D;20250606;000000;8559;8588.6;8469;8485.8;400003
GLDRUB_TOM;D;20250607;000000;8523.5;8555;8405;8440;252404
GLDRUB_TOM;D;20250610;000000;8440;8443.7;8306.3;8411;184876
GLDRUB_TOM;D;20250611;000000;8383;8394.2;8283.2;8290.4;278846
GLDRUB_TOM;D;20250612;000000;8353;8466.8;8353;8435;285979
GLDRUB_TOM;D;20250614;000000;8588;8599;8500;8541.2;96944
GLDRUB_TOM;D;20250617;000000;8510;8549.3;8452.5;8515;399895
GLDRUB_TOM;D;20250618;000000;8488;8510;8440.8;8444.4;405830
GLDRUB_TOM;D;20250619;000000;8445;8489;8421;8465;339356
GLDRUB_TOM;D;20250620;000000;8418.8;8430.2;8364.8;8430;530715
GLDRUB_TOM;D;20250621;000000;8401.1;8434.9;8380;8388;298000
GLDRUB_TOM;D;20250624;000000;8388;8436;8370;8436;277162
GLDRUB_TOM;D;20250625;000000;8322;8400;8252;8280.5;250421
GLDRUB_TOM;D;20250626;000000;8322;8336;8269.9;8280;228901
GLDRUB_TOM;D;20250627;000000;8313.1;8331;8289.1;8295;403874
GLDRUB_TOM;D;20250628;000000;8250;8259.7;8175;8176;332084
GLDRUB_TOM;D;20250701;000000;8206;8246.7;8185;8208;259690
GLDRUB_TOM;D;20250702;000000;8303;8351;8291.3;8340;432000
GLDRUB_TOM;D;20250703;000000;8327;8368.7;8307.3;8363.6;176061
GLDRUB_TOM;D;20250704;000000;8400;8422.2;8323.4;8352.8;198220
GLDRUB_TOM;D;20250705;000000;8386;8406;8333.8;8350;258686
GLDRUB_TOM;D;20250708;000000;8317.9;8317.9;8241.1;8290;659640
GLDRUB_TOM;D;20250709;000000;8297.7;8322;8204.5;8230;310886
GLDRUB_TOM;D;20250710;000000;8230;8261;8165;8255.2;208783
GLDRUB_TOM;D;20250711;000000;8271;8300;8240;8242.1;258090
GLDRUB_TOM;D;20250712;000000;8265;8419;8265;8396;379719
GLDRUB_TOM;D;20250715;000000;8401.5;8424.7;8324.5;8338.8;461692
GLDRUB_TOM;D;20250716;000000;8360;8361.8;8260;8292;314410
GLDRUB_TOM;D;20250717;000000;8299;8400;8268.6;8350.2;510169
GLDRUB_TOM;D;20250718;000000;8340;8345.8;8262.4;8314.8;340003
GLDRUB_TOM;D;20250719;000000;8315;8410;8315;8371.1;279615
GLDRUB_TOM;D;20250722;000000;8401;8456;8363.4;8439.6;209021
GLDRUB_TOM;D;20250723;000000;8430;8515;8401.7;8510;558707
GLDRUB_TOM;D;20250724;000000;8518.9;8532;8482.6;8483.3;384664
GLDRUB_TOM;D;20250725;000000;8431;8500;8406;8483;647245
GLDRUB_TOM;D;20250726;000000;8483.3;8508.9;8381.5;8397.7;266944
GLDRUB_TOM;D;20250729;000000;8408.5;8549;8401.8;8539;372952
GLDRUB_TOM;D;20250730;000000;8581;8692.9;8570.6;8660.9;604922
GLDRUB_TOM;D;20250731;000000;8651;8673.6;8477.8;8500;469299
GLDRUB_TOM;D;20250801;000000;8520;8520;8395.1;8421.1;483424
GLDRUB_TOM;D;20250802;000000;8421.1;8533.6;8412.4;8510;236476
GLDRUB_TOM;D;20250805;000000;8524.1;8575;8506.9;8571;386565
GLDRUB_TOM;D;20250806;000000;8557.8;8638;8537;8634.8;622171
GLDRUB_TOM;D;20250807;000000;8604;8647.9;8590.3;8640;372152
GLDRUB_TOM;D;20250808;000000;8629;8629;8563.3;8602.8;514560
GLDRUB_TOM;D;20250809;000000;8640;8702;8638.3;8655;354586
GLDRUB_TOM;D;20250812;000000;8571;8571;8493.2;8530;311211
GLDRUB_TOM;D;20250813;000000;8530;8545.4;8470;8490;390319
GLDRUB_TOM;D;20250814;000000;8513.5;8560;8513.5;8550.1;325765
GLDRUB_TOM;D;20250815;000000;8556;8574.8;8490.1;8503;228709
GLDRUB_TOM;D;20250816;000000;8530;8611;8506;8532;241322
GLDRUB_TOM;D;20250819;000000;8556;8602;8556;8571.8;311095
GLDRUB_TOM;D;20250820;000000;8572;8606;8541.3;8541.3;469600
GLDRUB_TOM;D;20250821;000000;8550;8574.9;8513.6;8569;194935
GLDRUB_TOM;D;20250822;000000;8570;8600.9;8541.3;8593.7;141788
GLDRUB_TOM;D;20250823;000000;8579.8;8669.9;8556.2;8654.9;410299
GLDRUB_TOM;D;20250826;000000;8651.1;8680.1;8612.5;8649.9;471102
GLDRUB_TOM;D;20250827;000000;8645;8694.8;8631;8650;226694
GLDRUB_TOM;D;20250828;000000;8671;8708;8641.8;8696.7;166664
GLDRUB_TOM;D;20250829;000000;8706;8717;8690;8710;312653
GLDRUB_TOM;D;20250830;000000;8730;8830;8725.1;8810.2;304449
GLDRUB_TOM;D;20250902;000000;8924.4;8940.9;8867;8890;463771
GLDRUB_TOM;D;20250903;000000;8900;9027;8896.8;9025;485605
GLDRUB_TOM;D;20250904;000000;9050;9140;9034.8;9130;496987
GLDRUB_TOM;D;20250905;000000;9096;9160;9062;9134.2;433948
GLDRUB_TOM;D;20250906;000000;9140;9315;9140;9284.3;529766
GLDRUB_TOM;D;20250909;000000;9312;9574;9312;9558.6;445360
GLDRUB_TOM;D;20250910;000000;9644;9780.2;9630.3;9741;524415
GLDRUB_TOM;D;20250911;000000;9779;9883.8;9758.8;9862;739297
GLDRUB_TOM;D;20250912;000000;9871;9899.9;9724.6;9811.9;588767
GLDRUB_TOM;D;20250913;000000;9850;9881.9;9707.2;9747.6;570461
GLDRUB_TOM;D;20250916;000000;9662;9689.9;9477.4;9640.3;532260
GLDRUB_TOM;D;20250917;000000;9657;9784.7;9656.8;9759.4;443627
GLDRUB_TOM;D;20250918;000000;9714;9732;9640;9694;436005
GLDRUB_TOM;D;20250919;000000;9640.8;9670;9566.7;9640;1044396
GLDRUB_TOM;D;20250920;000000;9656;9737.3;9640.3;9715;272573
GLDRUB_TOM;D;20250923;000000;9865;9917;9822.4;9857.6;276967
GLDRUB_TOM;D;20250924;000000;9915.5;10050;9886.1;10043;713914
GLDRUB_TOM;D;20250925;000000;10046;10078.1;9930.3;9935;468872
GLDRUB_TOM;D;20250926;000000;9929;9991.8;9888.6;9944.5;319531
GLDRUB_TOM;D;20250927;000000;9950;10025.4;9926.6;9990;354567
GLDRUB_TOM;D;20250930;000000;10077.2;10100;10011.7;10100;423002
GLDRUB_TOM;D;20251001;000000;10139.5;10163.5;9970.2;10046;771850
GLDRUB_TOM;D;20251002;000000;10071;10089.4;9970;10009.7;674862
GLDRUB_TOM;D;20251003;000000;9944;10059.6;9860;9860;336386
GLDRUB_TOM;D;20251004;000000;9929.5;10153;9920.4;10120.5;335581
GLDRUB_TOM;D;20251007;000000;10381;10418.4;10341;10370;462218
GLDRUB_TOM;D;20251008;000000;10325;10423.8;10223.2;10370;465792
GLDRUB_TOM;D;20251009;000000;10493;10503;10440;10480;433954
GLDRUB_TOM;D;20251010;000000;10447;10534.8;10370;10391.6;357716
GLDRUB_TOM;D;20251011;000000;10333.9;10444;10264.1;10444;367814
GLDRUB_TOM;D;20251014;000000;10561;10585.9;10500;10520.2;607216
GLDRUB_TOM;D;20251015;000000;10517.9;10605;10467;10558;479264
GLDRUB_TOM;D;20251016;000000;10618.5;10660;10547.9;10587.8;475539
GLDRUB_TOM;D;20251017;000000;10618;11000;10589;10964.9;608151
GLDRUB_TOM;D;20251018;000000;11288.2;11370;10987.8;11044;706806
GLDRUB_TOM;D;20251021;000000;10986;11220.6;10955;11207;627937
GLDRUB_TOM;D;20251022;000000;11251;11289.9;10660;10880;687506
GLDRUB_TOM;D;20251023;000000;11000;11037;10490;10529;869267
GLDRUB_TOM;D;20251024;000000;10750;10850;10609.6;10850;468023
GLDRUB_TOM;D;20251025;000000;10689;10719.7;10434.2;10554.9;521940
GLDRUB_TOM;D;20251028;000000;10388.5;10388.5;10090.9;10224.9;713747
GLDRUB_TOM;D;20251029;000000;10125.1;10159.4;9951.6;10083.9;735966
GLDRUB_TOM;D;20251030;000000;10150;10333.4;10135.5;10290;497053
GLDRUB_TOM;D;20251031;000000;10248.7;10369;10196.4;10354.9;464102
GLDRUB_TOM;D;20251101;000000;10368;10488.8;10368;10399;416132
GLDRUB_TOM;D;20251104;000000;10421.6;10474;10285.8;10300.7;48784
GLDRUB_TOM;D;20251106;000000;10266;10370;10250;10369.9;723489
GLDRUB_TOM;D;20251107;000000;10405.2;10478.4;10325;10354;334933
GLDRUB_TOM;D;20251108;000000;10441;10462.8;10329;10356.9;263463
GLDRUB_TOM;D;20251111;000000;10531.5;10682.3;10531.5;10632.1;301802
GLDRUB_TOM;D;20251112;000000;10749;10808.9;10619.4;10666.8;331186
GLDRUB_TOM;D;20251113;000000;10680.4;10850;10666.7;10840;509262
GLDRUB_TOM;D;20251114;000000;10860.2;10964.8;10825.6;10887.3;654457
GLDRUB_TOM;D;20251115;000000;10887;10958.6;10500.4;10637.4;530554
GLDRUB_TOM;D;20251118;000000;10629;10725;10572.8;10618.7;544912
GLDRUB_TOM;D;20251119;000000;10489.2;10609.4;10407.3;10572;371079
GLDRUB_TOM;D;20251120;000000;10640;10673.7;10580;10610;422904
GLDRUB_TOM;D;20251121;000000;10543;10545;10436.1;10473;455036
GLDRUB_TOM;D;20251122;000000;10305;10400;10184.6;10340.2;467169
GLDRUB_TOM;D;20251125;000000;10300;10341.5;10250;10326.8;251519
GLDRUB_TOM;D;20251126;000000;10434;10520;10400;10440;428792
GLDRUB_TOM;D;20251127;000000;10475;10505.1;10431;10484.4;300228
GLDRUB_TOM;D;20251128;000000;10454;10484.2;10385.7;10400.1;381054
GLDRUB_TOM;D;20251129;000000;10500;10525;10400;10400;400337
GLDRUB_TOM;D;20251202;000000;10532;10618;10518.6;10557;431088
GLDRUB_TOM;D;20251203;000000;10494.8;10550;10385;10415;272395
GLDRUB_TOM;D;20251204;000000;10527;10548;10392.3;10455;365044
GLDRUB_TOM;D;20251205;000000;10312;10389;10238;10303.7;483390
GLDRUB_TOM;D;20251206;000000;10259.9;10472.4;10250;10459.9;422618
GLDRUB_TOM;D;20251209;000000;10459.9;10473.9;10290.6;10372.9;362415
GLDRUB_TOM;D;20251210;000000;10325;10494.5;10302.6;10484;353289
GLDRUB_TOM;D;20251211;000000;10493.5;10585.4;10397.6;10540.1;577926
GLDRUB_TOM;D;20251212;000000;10590;10722.2;10524.8;10695;626216
GLDRUB_TOM;D;20251213;000000;10771;10960;10741.2;10843.2;418751
GLDRUB_TOM;D;20251216;000000;10922;10965.2;10871.6;10920;457868
GLDRUB_TOM;D;20251217;000000;10887.7;10895.4;10774.5;10879.7;408688
GLDRUB_TOM;D;20251218;000000;10895.6;11000;10894.8;10956;426097
GLDRUB_TOM;D;20251219;000000;10958.5;11010;10908;11000;552266
GLDRUB_TOM;D;20251220;000000;11052;11090;10910;10961;555299
GLDRUB_TOM;D;20251223;000000;11078;11100;10950;11000;698232
GLDRUB_TOM;D;20251224;000000;11058.4;11125;10908.8;10999.9;613968
GLDRUB_TOM;D;20251225;000000;11050.4;11172.1;10998.6;11000;436577
GLDRUB_TOM;D;20251226;000000;11025;11031.9;10955;10967.8;183238
GLDRUB_TOM;D;20251227;000000;11002;11099;10970.1;11049.9;463671
GLDRUB_TOM;D;20251230;000000;10967.8;10978;10625;10724;667942
GLDRUB_TOM;D;20251231;000000;10760.2;11089.8;10760.2;11011.9;417708
